{
  "H4_width_sweep": {
    "by_R": {
      "2": {
        "relu": {
          "mean": 0.44683895234666765,
          "std": 0.022691886308887473,
          "ci95_lo": 0.3904691818167078,
          "ci95_hi": 0.5032087228766274,
          "n": 3
        },
        "gated": {
          "mean": 0.7305450861498016,
          "std": 0.014255893151537191,
          "ci95_lo": 0.6951314843578237,
          "ci95_hi": 0.7659586879417796,
          "n": 3
        },
        "topk": {
          "mean": 0.7891083206231443,
          "std": 0.0076103658272780265,
          "ci95_lo": 0.7702031238716213,
          "ci95_hi": 0.8080135173746673,
          "n": 3
        },
        "jumprelu": {
          "mean": 0.803436060992178,
          "std": 0.005738683950642012,
          "ci95_lo": 0.7891803797747485,
          "ci95_hi": 0.8176917422096075,
          "n": 3
        },
        "gap_vs_relu": {
          "gated": 0.283706133803134,
          "topk": 0.34226936827647664,
          "jumprelu": 0.35659710864551036
        }
      },
      "4": {
        "relu": {
          "mean": 0.320584057796857,
          "std": 0.008855654827361618,
          "ci95_lo": 0.2985853916782368,
          "ci95_hi": 0.3425827239154772,
          "n": 3
        },
        "gated": {
          "mean": 0.6784330868901255,
          "std": 0.0019501411593923466,
          "ci95_lo": 0.6735886676929025,
          "ci95_hi": 0.6832775060873485,
          "n": 3
        },
        "topk": {
          "mean": 0.8208491850984568,
          "std": 0.004130772955414807,
          "ci95_lo": 0.8105877762213597,
          "ci95_hi": 0.831110593975554,
          "n": 3
        },
        "jumprelu": {
          "mean": 0.7586954607991042,
          "std": 0.012913274367732382,
          "ci95_lo": 0.7266171089604389,
          "ci95_hi": 0.7907738126377696,
          "n": 3
        },
        "gap_vs_relu": {
          "gated": 0.3578490290932685,
          "topk": 0.5002651273015999,
          "jumprelu": 0.4381114030022472
        }
      },
      "8": {
        "relu": {
          "mean": 0.21978988314631662,
          "std": 0.01976565646056053,
          "ci95_lo": 0.17068927053574512,
          "ci95_hi": 0.2688904957568881,
          "n": 3
        },
        "gated": {
          "mean": 0.6167922750209245,
          "std": 0.008287531490664886,
          "ci95_lo": 0.5962049055079005,
          "ci95_hi": 0.6373796445339485,
          "n": 3
        },
        "topk": {
          "mean": 0.829756925717145,
          "std": 0.0015693095908367856,
          "ci95_lo": 0.8258585445811841,
          "ci95_hi": 0.8336553068531058,
          "n": 3
        },
        "jumprelu": {
          "mean": 0.6447877992847052,
          "std": 0.01406836983152691,
          "ci95_lo": 0.6098400312437916,
          "ci95_hi": 0.6797355673256188,
          "n": 3
        },
        "gap_vs_relu": {
          "gated": 0.39700239187460784,
          "topk": 0.6099670425708283,
          "jumprelu": 0.42499791613838855
        }
      },
      "16": {
        "relu": {
          "mean": 0.1744658449384745,
          "std": 0.010605945638716047,
          "ci95_lo": 0.14811921540889253,
          "ci95_hi": 0.20081247446805647,
          "n": 3
        },
        "gated": {
          "mean": 0.52098401801016,
          "std": 0.004997497961793747,
          "ci95_lo": 0.5085695448590266,
          "ci95_hi": 0.5333984911612935,
          "n": 3
        },
        "topk": {
          "mean": 0.8389942594622238,
          "std": 0.0015808806826413566,
          "ci95_lo": 0.8350671341407455,
          "ci95_hi": 0.8429213847837022,
          "n": 3
        },
        "jumprelu": {
          "mean": 0.5039879813187975,
          "std": 0.011740483755152457,
          "ci95_lo": 0.4748230028687926,
          "ci95_hi": 0.5331529597688024,
          "n": 3
        },
        "gap_vs_relu": {
          "gated": 0.34651817307168553,
          "topk": 0.6645284145237493,
          "jumprelu": 0.329522136380323
        }
      }
    },
    "best_gap_vs_relu_by_R": {
      "2": 0.35659710864551036,
      "4": 0.5002651273015999,
      "8": 0.6099670425708283,
      "16": 0.6645284145237493
    },
    "gap_monotone_increasing_in_R": true
  },
  "robustness_feature_prob": {
    "0.03": {
      "relu": 0.5282559304635124,
      "gated": 0.7990137048939255,
      "topk": 0.8809591617167332,
      "jumprelu": 0.77847235568287,
      "winner": "topk"
    },
    "0.06": {
      "relu": 0.320584057796857,
      "gated": 0.6784330868901255,
      "topk": 0.8208491850984568,
      "jumprelu": 0.7586954607991042,
      "winner": "topk"
    },
    "0.12": {
      "relu": 0.3728007096810753,
      "gated": 0.723248790579337,
      "topk": 0.7626885106873295,
      "jumprelu": 0.8037257670023422,
      "winner": "jumprelu"
    }
  },
  "P0_3_morris_elementary_effects": {
    "objective": "topk EV @ L0=8",
    "factors": {
      "R": {
        "mu_star": 0.07278084299987875,
        "sigma": 0.04875594251664505
      },
      "feature_prob": {
        "mu_star": 0.09277276525841488,
        "sigma": 0.029978710882186767
      },
      "lr": {
        "mu_star": 0.25223281323294755,
        "sigma": 0.03200125092928271
      },
      "steps": {
        "mu_star": 0.14482186015594062,
        "sigma": 0.02318705091717245
      }
    },
    "note": "SALib absent; manual Morris (mu*/sigma). Rank by mu*."
  },
  "P1_1_hpo_decision": "GRID (sparsity knob is 1-D, eval ~1.7s cheap => Bayesian HPO not warranted per the switch rule)"
}