{
 "rmsnorm_dx_relerr": 4.434952223564727e-10,
 "rmsnorm_dg_relerr": 3.933080055714455e-10,
 "swiglu_dx_relerr": 2.351956777326731e-09,
 "swiglu_dWg_relerr": 1.3997496371528014e-09,
 "swiglu_dWu_relerr": 2.1299003288063208e-09,
 "swiglu_dWd_relerr": 1.8292105467469814e-09,
 "rope_offset_invariance_spread": 2.6645352591003757e-15,
 "rope_matches_single_rotation": 0.0,
 "gqa_equals_mha_when_full": 0.0,
 "mqa_runs_shape_ok": true,
 "kv_cache_ratio_mha_gqa_mqa": [
  1.0,
  0.25,
  0.03125
 ]
}