{
 "gelu_min_x": -0.75,
 "gelu_min": -0.16997051428265114,
 "gelu_deriv_min": -0.12890044927452918,
 "gelu_deriv_max": 1.1289004492745291
}