{
 "alphabet_size": 3,
 "dirichlet_alpha": 0.4,
 "orders": [
  1,
  2,
  3
 ],
 "kmax": 5,
 "conditional_entropy_bits": {
  "1": [
   1.1098132184594518,
   0.9830319609710676,
   0.9830319609710676,
   0.9830319609710676,
   0.9830319609710676,
   0.9830319609710676
  ],
  "2": [
   1.5818888547129966,
   1.3859585171950477,
   0.9246791063548558,
   0.9246791063548558,
   0.9246791063548558,
   0.9246791063548558
  ],
  "3": [
   1.5839729815278796,
   1.5207607357259985,
   1.4215119308033901,
   0.9202030447105249,
   0.9202030447105249,
   0.9202030447105249
  ]
 }
}