{
 "query": 0.8,
 "n": 40,
 "predictions": {
  "nw": 1.0937859364751135,
  "knn": 1.0992679954628546,
  "gp": 1.1441334913123067,
  "rbf": 1.200129612059454
 },
 "weights": {
  "Nadaraya\u2013Watson": {
   "sum": 1.0,
   "min": 4.327786550133797e-17,
   "max": 0.09696474584616438,
   "has_negative": false
  },
  "$k$-NN ($k=5$)": {
   "sum": 1.0,
   "min": 0.0,
   "max": 0.2,
   "has_negative": false
  },
  "Gaussian process": {
   "sum": 0.9962109985618559,
   "min": -0.04087471635560381,
   "max": 0.1747087228124757,
   "has_negative": true
  },
  "RBF network ($8$ centers)": {
   "sum": 1.0045430649387237,
   "min": -0.04754507523669933,
   "max": 0.12422489083651703,
   "has_negative": true
  }
 }
}