{
 "p": [
  0.45,
  0.25,
  0.15,
  0.08,
  0.05,
  0.02
 ],
 "q": [
  0.38,
  0.22,
  0.18,
  0.12,
  0.06,
  0.04
 ],
 "cross_entropy": 2.0858970287556895,
 "Tmax": 50000,
 "n_seeds": 6,
 "final_estimates": [
  2.0846252106957976,
  2.0854530418145636,
  2.0883239182643436,
  2.0856098801565026,
  2.089494309666943,
  2.0848854906926775
 ]
}