{
 "d": 24,
 "d_k": 3,
 "T": 12,
 "rank_M": 3,
 "collapse_maxdiff": 1.9539925233402755e-14,
 "asymmetry_ratio": 0.9981020235055299,
 "score_asymmetry_maxabs": 91.00324168915677
}