{
 "d": 2,
 "d_k": 2,
 "N": 40,
 "M": [
  [
   1.9145345860624243,
   1.0019420174147686
  ],
  [
   1.0019420174147684,
   1.135465413937576
  ]
 ],
 "M_eigvals": [
  0.45,
  2.6000000000000005
 ],
 "query": [
  1.3,
  0.7
 ],
 "output_o": 2.230781898214631,
 "value_mean": -0.12205376979095808,
 "attention_entropy_nats": 1.1113876187484113,
 "uniform_entropy_nats": 3.6888794541139363,
 "max_weight": 0.7766162234801366
}