{
 "d": 24,
 "d_k": 4,
 "T": 9,
 "det_R": 8.439929892754394,
 "cond_R": 5.894779573779768,
 "rel_change_WQ": 2.4303201807082373,
 "rel_change_WK": 1.4076441643182687,
 "M_maxabsdiff": 4.440892098500626e-15,
 "attn_maxabsdiff": 2.9976021664879227e-15
}