{
 "d_k": [
  4,
  8,
  16,
  32,
  64,
  128,
  256
 ],
 "N": 40000,
 "L": 16,
 "trials": 4000,
 "raw_std": [
  2.007533465276761,
  2.8262826494401163,
  4.016004367767244,
  5.652823759016321,
  7.991067816011425,
  11.347189753202906,
  16.062380131644108
 ],
 "scaled_std": [
  1.0037667326383806,
  0.9992418134844939,
  1.004001091941811,
  0.9992875032132175,
  0.9988834770014281,
  1.0029593527375351,
  1.0038987582277568
 ],
 "sqrt_dk": [
  2.0,
  2.8284271247461903,
  4.0,
  5.656854249492381,
  8.0,
  11.313708498984761,
  16.0
 ],
 "softmax_peak_unscaled": [
  0.4267110559470832,
  0.5597861780982126,
  0.682804162568476,
  0.7791793647263164,
  0.8457333121366885,
  0.8894786148944089,
  0.9189734642333148
 ],
 "softmax_peak_scaled": [
  0.2343254570522937,
  0.24020333739499772,
  0.24130105337637736,
  0.24562758133463125,
  0.24840994316474696,
  0.2456750762727487,
  0.2464417951752993
 ],
 "softmax_entropy_bits_unscaled": [
  2.5476341000894034,
  1.894258767317308,
  1.3151116600355326,
  0.8724178804731221,
  0.5859712459806087,
  0.4082061593386859,
  0.2892958884700965
 ],
 "softmax_entropy_bits_scaled": [
  3.4364064969896417,
  3.4165656786569345,
  3.416287786108457,
  3.4007126235973573,
  3.3968882361796595,
  3.4030249301590847,
  3.3992557834092403
 ],
 "uniform_entropy_bits": 4.0
}