{
 "d": 64,
 "d_k": 8,
 "singular_values": [
  91.04658834372094,
  80.8519444169926,
  70.4339445855131,
  67.820580855857,
  59.20700018821704,
  53.82827237911154,
  42.83319979292548,
  35.34757468900792,
  1.1489621452708065e-14,
  8.651634707099015e-15,
  8.471754124224837e-15,
  7.655787706382614e-15,
  7.008156718569037e-15,
  6.620983405320359e-15,
  6.468635156953888e-15,
  6.291105171671801e-15,
  5.916710866745161e-15,
  5.716361267883487e-15,
  5.5053677435261106e-15,
  5.340498773713095e-15,
  5.135105444242054e-15,
  4.895626999998262e-15,
  4.819248181681508e-15,
  4.629501338313443e-15,
  4.31156773909018e-15,
  4.065213876394989e-15,
  3.807495820926995e-15,
  3.673108867083672e-15,
  3.4210021629699207e-15,
  3.3119430759013676e-15,
  3.165704737478701e-15,
  3.051191745155975e-15,
  2.9480148544103954e-15,
  2.867452039854336e-15,
  2.6499856991031356e-15,
  2.5731481816618664e-15,
  2.4866903224722322e-15,
  2.3977858424501833e-15,
  2.37252526213209e-15,
  2.2503175618131797e-15,
  2.173646114948394e-15,
  1.942903439236926e-15,
  1.8465386420043426e-15,
  1.790358159842205e-15,
  1.648785404202436e-15,
  1.5020192623172338e-15,
  1.4345775422766328e-15,
  1.3490901156633003e-15,
  1.2813980498751746e-15,
  1.1720330344871894e-15,
  1.0491724951268492e-15,
  9.881123071467281e-16,
  9.778855464628428e-16,
  9.07350646885885e-16,
  7.461508525903217e-16,
  7.338150782451527e-16,
  6.847153155265993e-16,
  5.833352451581096e-16,
  5.05586674318517e-16,
  4.046862528206504e-16,
  2.720345441542816e-16,
  2.1592625305779102e-16,
  1.4229809817031287e-16,
  3.356759427432536e-19
 ],
 "n_above_1e-8": 8,
 "routing_strength_c": 6.0,
 "L": 24,
 "key_w_alignment": [
  -1.0360653443892143,
  -0.923930093589522,
  -0.8386155202332902,
  -0.6687193600473333,
  -0.7074153634561786,
  -0.6333154412356043,
  -0.4242134249828271,
  -0.4047366159009465,
  -0.3023816140864117,
  -0.22409972401118294,
  -0.06777175503613797,
  0.004219029821157997,
  0.08078108425217576,
  0.15217179413361287,
  0.13788333468890493,
  0.26542789714262427,
  0.3998637301544351,
  0.44162694549309367,
  0.5991047803910127,
  0.5483136122740817,
  0.6935885811044721,
  0.7528269223026616,
  0.9469964959805661,
  1.032005148216633
 ],
 "attention_weight": [
  0.002313817250856187,
  0.0029351936744039593,
  0.003517508684827659,
  0.005043786854294046,
  0.004646296918337459,
  0.005437178200518736,
  0.008472558880749886,
  0.008829947998722146,
  0.010971235278009361,
  0.012953134937985916,
  0.018046640396844397,
  0.021024218945512464,
  0.024731746454669287,
  0.028775670768517454,
  0.027916554537076557,
  0.03659028399288838,
  0.048665200601584586,
  0.05317335187628364,
  0.0742634050736948,
  0.06667792661885899,
  0.09074457662859937,
  0.10289532486048011,
  0.15533872804167928,
  0.1860357125246054
 ]
}