{
 "d": 24,
 "d_k": 4,
 "T": 9,
 "det_R": 8.439929892754394,
 "cond_R": 5.894779573779768,
 "rel_change_WQ": 2.491034007973683,
 "rel_change_WK": 1.314141550726817,
 "M_maxabsdiff": 3.9968028886505635e-15,
 "attn_maxabsdiff": 7.93809462606987e-15
}