{
 "d": 64,
 "d_k": 8,
 "singular_values": [
  87.0211922904121,
  79.40384657440859,
  72.07564152659046,
  61.726207970969334,
  58.94355699189165,
  52.54200570292462,
  51.562356565489,
  40.92439660950405,
  1.0505690327556586e-14,
  9.132684624319522e-15,
  8.78900546288524e-15,
  7.787754820787085e-15,
  7.428027435932526e-15,
  7.183017564553394e-15,
  6.626866979707619e-15,
  6.246809857573009e-15,
  6.143838825732859e-15,
  5.778004341094056e-15,
  5.688814298886288e-15,
  5.414353741689224e-15,
  4.986694796711942e-15,
  4.820516637473128e-15,
  4.57187784747392e-15,
  4.499165318760965e-15,
  4.196832711387566e-15,
  4.1100386945798806e-15,
  3.951793943389874e-15,
  3.780142411840551e-15,
  3.6148981972201985e-15,
  3.6024244515994745e-15,
  3.2693940751937605e-15,
  3.2052653171754727e-15,
  3.0238245524556525e-15,
  2.8519050444013397e-15,
  2.619703335846705e-15,
  2.5609507097018995e-15,
  2.4749463710627506e-15,
  2.399357412204001e-15,
  2.2259749909558265e-15,
  2.181068228526767e-15,
  2.064214174535364e-15,
  1.8771020243804828e-15,
  1.8744701029502055e-15,
  1.750813197111001e-15,
  1.6012581077124764e-15,
  1.5525089555126188e-15,
  1.4770397329565105e-15,
  1.4302758107282537e-15,
  1.3200083242272199e-15,
  1.1957146671739356e-15,
  1.1127769302194255e-15,
  9.768258921275964e-16,
  9.487597871161798e-16,
  8.635664735566071e-16,
  8.014319924848233e-16,
  6.99003790509492e-16,
  6.021198459162396e-16,
  4.903781316661461e-16,
  4.4349607534048186e-16,
  2.7740219294452103e-16,
  2.415714516540522e-16,
  2.0868123968999203e-16,
  1.179478285486536e-16,
  7.42426427740695e-17
 ],
 "n_above_1e-8": 8,
 "routing_strength_c": 6.0,
 "L": 24,
 "key_w_alignment": [
  -1.0360653443892143,
  -0.923930093589522,
  -0.8386155202332902,
  -0.6687193600473333,
  -0.7074153634561786,
  -0.6333154412356043,
  -0.4242134249828271,
  -0.4047366159009465,
  -0.3023816140864117,
  -0.22409972401118294,
  -0.06777175503613797,
  0.004219029821157997,
  0.08078108425217576,
  0.15217179413361287,
  0.13788333468890493,
  0.26542789714262427,
  0.3998637301544351,
  0.44162694549309367,
  0.5991047803910127,
  0.5483136122740817,
  0.6935885811044721,
  0.7528269223026616,
  0.9469964959805661,
  1.032005148216633
 ],
 "attention_weight": [
  0.002313817250856187,
  0.0029351936744039593,
  0.003517508684827659,
  0.005043786854294046,
  0.004646296918337459,
  0.005437178200518736,
  0.008472558880749886,
  0.008829947998722146,
  0.010971235278009361,
  0.012953134937985916,
  0.018046640396844397,
  0.021024218945512464,
  0.024731746454669287,
  0.028775670768517454,
  0.027916554537076557,
  0.03659028399288838,
  0.048665200601584586,
  0.05317335187628364,
  0.0742634050736948,
  0.06667792661885899,
  0.09074457662859937,
  0.10289532486048011,
  0.15533872804167928,
  0.1860357125246054
 ]
}