{
 "vocab": [
  "A",
  "B",
  "C",
  "D",
  "E",
  "F"
 ],
 "tokens": [
  2,
  0,
  3,
  1,
  4,
  5,
  2,
  3
 ],
 "token_str": [
  "C",
  "A",
  "D",
  "B",
  "E",
  "F",
  "C",
  "D"
 ],
 "trigger_pos": 6,
 "trigger_tok": "C",
 "answer_tok": "A",
 "attention_row_at_trigger": [
  0.01531569361519784,
  0.9081058383088128,
  0.01531569361519784,
  0.01531569361519784,
  0.01531569361519784,
  0.01531569361519784,
  0.01531569361519784,
  0.0
 ],
 "argmax_attended_pos": 1,
 "next_token_probs": {
  "A": 0.8753556936878171,
  "B": 0.024617799348490864,
  "C": 0.026173108918219508,
  "D": 0.024617799348490864,
  "E": 0.024617799348490864,
  "F": 0.024617799348490864
 },
 "predicted_tok": "A"
}